{"DEPTNO":20,"EMPNO":7369,"ENAME":"SMITH","HIREDATE":"2001-01-02T22:12:13.000+08:00","JOB":"CLERK","MGR":7902,"SAL":800}
{"COMM":300,"DEPTNO":30,"EMPNO":7499,"ENAME":"ALLEN","HIREDATE":"2002-01-02T22:12:13.000+08:00","JOB":"SALESMAN","MGR":7698,"SAL":1600}
{"COMM":500,"DEPTNO":30,"EMPNO":7521,"ENAME":"WARD","HIREDATE":"2003-01-02T22:12:13.000+08:00","JOB":"SALESMAN","MGR":7698,"SAL":1250}
{"DEPTNO":20,"EMPNO":7566,"ENAME":"JONES","HIREDATE":"2004-01-02T22:12:13.000+08:00","JOB":"MANAGER","MGR":7839,"SAL":2975}
{"COMM":1400,"DEPTNO":30,"EMPNO":7654,"ENAME":"MARTIN","HIREDATE":"2005-01-02T22:12:13.000+08:00","JOB":"SALESMAN","MGR":7698,"SAL":1250}
{"DEPTNO":30,"EMPNO":7698,"ENAME":"BLAKE","HIREDATE":"2005-04-02T22:12:13.000+08:00","JOB":"MANAGER","MGR":7839,"SAL":2850}
{"DEPTNO":10,"EMPNO":7782,"ENAME":"CLARK","HIREDATE":"2006-03-02T22:12:13.000+08:00","JOB":"MANAGER","MGR":7839,"SAL":2450}
{"DEPTNO":20,"EMPNO":7788,"ENAME":"SCOTT","HIREDATE":"2007-03-02T22:12:13.000+08:00","JOB":"ANALYST","MGR":7566,"SAL":3000}
{"DEPTNO":10,"EMPNO":7839,"ENAME":"KING","HIREDATE":"2006-03-02T22:12:13.000+08:00","JOB":"PRESIDENT","SAL":5000}
{"COMM":0,"DEPTNO":30,"EMPNO":7844,"ENAME":"TURNER","HIREDATE":"2009-07-02T22:12:13.000+08:00","JOB":"SALESMAN","MGR":7698,"SAL":1500}
{"DEPTNO":20,"EMPNO":7876,"ENAME":"ADAMS","HIREDATE":"2010-05-02T22:12:13.000+08:00","JOB":"CLERK","MGR":7788,"SAL":1100}
{"DEPTNO":30,"EMPNO":7900,"ENAME":"JAMES","HIREDATE":"2011-06-02T22:12:13.000+08:00","JOB":"CLERK","MGR":7698,"SAL":950}
{"DEPTNO":20,"EMPNO":7902,"ENAME":"FORD","HIREDATE":"2011-07-02T22:12:13.000+08:00","JOB":"ANALYST","MGR":7566,"SAL":3000}
{"DEPTNO":10,"EMPNO":7934,"ENAME":"MILLER","HIREDATE":"2012-11-02T22:12:13.000+08:00","JOB":"CLERK","MGR":7782,"SAL":1300}
